{
  "Emil-Nolde-Allee 24, 36041 Fulda--->Iltisweg 51, 36041 Fulda": 1.074076546476502,
  "Sturmiusstra\u00dfe 9, 36037 Fulda--->Iltisweg 51, 36041 Fulda": 2.2842473459475383,
  "Bernhardstra\u00dfe 10, 36043 Fulda--->Iltisweg 51, 36041 Fulda": 2.6880833302011538,
  "Am Bildstock 14, 36100 Petersberg--->Iltisweg 51, 36041 Fulda": 3.2524219012932205,
  "Fulda ZOB--->Iltisweg 51, 36041 Fulda": 2.3886058587524825,
  "Maglianastra\u00dfe 17, 36037 Fulda--->Iltisweg 51, 36041 Fulda": 1.687834544086224,
  "Im Wolfsgarten 7, 36100 Petersberg--->Iltisweg 51, 36041 Fulda": 3.7256447541663773,
  "Wiesenm\u00fchlenstra\u00dfe 10, 36037 Fulda--->Iltisweg 51, 36041 Fulda": 1.7948210752461415,
  "Nikolausstra\u00dfe 18, 36037 Fulda--->Iltisweg 51, 36041 Fulda": 2.412920548112816,
  "Lichtweg 3, 36039 Fulda--->Iltisweg 51, 36041 Fulda": 1.8201283707836704,
  "Otto-Lilienthal-Stra\u00dfe 27, 36041 Fulda--->Iltisweg 51, 36041 Fulda": 1.3765756158166185,
  "Am Neuen Garten 13, 36100 Petersberg--->Iltisweg 51, 36041 Fulda": 3.787567103980889,
  "Eduard-Stieler-Ring 2, 36100 Petersberg--->Iltisweg 51, 36041 Fulda": 3.770649086373941,
  "Elchstra\u00dfe 10, 36041 Fulda--->Iltisweg 51, 36041 Fulda": 0.34550734231049746,
  "Heinrich-von-Bibra-Platz 1a, 36037 Fulda--->Iltisweg 51, 36041 Fulda": 2.1499933965963813,
  "Emil-Nolde-Allee 24, 36041 Fulda--->Steinbockstra\u00dfe 13A, 36041 Fulda": 1.3608949002777906,
  "Sturmiusstra\u00dfe 9, 36037 Fulda--->Steinbockstra\u00dfe 13A, 36041 Fulda": 2.7196533006841492,
  "Bernhardstra\u00dfe 10, 36043 Fulda--->Steinbockstra\u00dfe 13A, 36041 Fulda": 3.0556310129741298,
  "Am Bildstock 14, 36100 Petersberg--->Steinbockstra\u00dfe 13A, 36041 Fulda": 3.687464068347439,
  "Fulda ZOB--->Steinbockstra\u00dfe 13A, 36041 Fulda": 2.8242357494410557,
  "Maglianastra\u00dfe 17, 36037 Fulda--->Steinbockstra\u00dfe 13A, 36041 Fulda": 2.1232650536467625,
  "Im Wolfsgarten 7, 36100 Petersberg--->Steinbockstra\u00dfe 13A, 36041 Fulda": 4.157709633046244,
  "Wiesenm\u00fchlenstra\u00dfe 10, 36037 Fulda--->Steinbockstra\u00dfe 13A, 36041 Fulda": 2.2304437900401513,
  "Nikolausstra\u00dfe 18, 36037 Fulda--->Steinbockstra\u00dfe 13A, 36041 Fulda": 2.84842570067548,
  "Lichtweg 3, 36039 Fulda--->Steinbockstra\u00dfe 13A, 36041 Fulda": 2.2499623110472937,
  "Otto-Lilienthal-Stra\u00dfe 27, 36041 Fulda--->Steinbockstra\u00dfe 13A, 36041 Fulda": 1.693294900615665,
  "Am Neuen Garten 13, 36100 Petersberg--->Steinbockstra\u00dfe 13A, 36041 Fulda": 4.2213416080687844,
  "Eduard-Stieler-Ring 2, 36100 Petersberg--->Steinbockstra\u00dfe 13A, 36041 Fulda": 4.206051997866106,
  "Elchstra\u00dfe 10, 36041 Fulda--->Steinbockstra\u00dfe 13A, 36041 Fulda": 0.09196436262869395,
  "Heinrich-von-Bibra-Platz 1a, 36037 Fulda--->Steinbockstra\u00dfe 13A, 36041 Fulda": 2.5850282215193534,
  "Emil-Nolde-Allee 24, 36041 Fulda--->Anton-Schmitt-Stra\u00dfe 27, 36039 Fulda": 2.4307996311212197,
  "Sturmiusstra\u00dfe 9, 36037 Fulda--->Anton-Schmitt-Stra\u00dfe 27, 36039 Fulda": 1.6641260568179101,
  "Bernhardstra\u00dfe 10, 36043 Fulda--->Anton-Schmitt-Stra\u00dfe 27, 36039 Fulda": 3.094993298658373,
  "Am Bildstock 14, 36100 Petersberg--->Anton-Schmitt-Stra\u00dfe 27, 36039 Fulda": 2.3111959333812253,
  "Fulda ZOB--->Anton-Schmitt-Stra\u00dfe 27, 36039 Fulda": 1.7994822510429014,
  "Maglianastra\u00dfe 17, 36037 Fulda--->Anton-Schmitt-Stra\u00dfe 27, 36039 Fulda": 1.4185318662762536,
  "Im Wolfsgarten 7, 36100 Petersberg--->Anton-Schmitt-Stra\u00dfe 27, 36039 Fulda": 2.5639568260266703,
  "Wiesenm\u00fchlenstra\u00dfe 10, 36037 Fulda--->Anton-Schmitt-Stra\u00dfe 27, 36039 Fulda": 1.5190196336053592,
  "Nikolausstra\u00dfe 18, 36037 Fulda--->Anton-Schmitt-Stra\u00dfe 27, 36039 Fulda": 1.856700644643766,
  "Lichtweg 3, 36039 Fulda--->Anton-Schmitt-Stra\u00dfe 27, 36039 Fulda": 1.1985319554012137,
  "Otto-Lilienthal-Stra\u00dfe 27, 36041 Fulda--->Anton-Schmitt-Stra\u00dfe 27, 36039 Fulda": 2.4973553811630405,
  "Am Neuen Garten 13, 36100 Petersberg--->Anton-Schmitt-Stra\u00dfe 27, 36039 Fulda": 2.6864482283509776,
  "Eduard-Stieler-Ring 2, 36100 Petersberg--->Anton-Schmitt-Stra\u00dfe 27, 36039 Fulda": 2.7880737812524345,
  "Elchstra\u00dfe 10, 36041 Fulda--->Anton-Schmitt-Stra\u00dfe 27, 36039 Fulda": 2.1836796115390174,
  "Heinrich-von-Bibra-Platz 1a, 36037 Fulda--->Anton-Schmitt-Stra\u00dfe 27, 36039 Fulda": 1.5510129271993478,
  "Otto-Lilienthal-Stra\u00dfe 27, 36041 Fulda--->Edelzeller Str. 13A, 36093 K\u00fcnzell": 2.763306314626256,
  "Bernhardstra\u00dfe 10, 36043 Fulda--->Edelzeller Str. 13A, 36093 K\u00fcnzell": 1.4243754283553354,
  "Wiesenm\u00fchlenstra\u00dfe 10, 36037 Fulda--->Edelzeller Str. 13A, 36093 K\u00fcnzell": 2.894216206258832,
  "Eduard-Stieler-Ring 2, 36100 Petersberg--->Edelzeller Str. 13A, 36093 K\u00fcnzell": 2.7110609207261094,
  "Nikolausstra\u00dfe 18, 36037 Fulda--->Edelzeller Str. 13A, 36093 K\u00fcnzell": 2.5959063789174803,
  "Maglianastra\u00dfe 17, 36037 Fulda--->Edelzeller Str. 13A, 36093 K\u00fcnzell": 3.010193646215393,
  "Emil-Nolde-Allee 24, 36041 Fulda--->Edelzeller Str. 13A, 36093 K\u00fcnzell": 3.1049430829342315,
  "Am Neuen Garten 13, 36100 Petersberg--->Edelzeller Str. 13A, 36093 K\u00fcnzell": 2.9464352232245106,
  "Am Bildstock 14, 36100 Petersberg--->Edelzeller Str. 13A, 36093 K\u00fcnzell": 2.7078232915500857,
  "Fulda ZOB--->Edelzeller Str. 13A, 36093 K\u00fcnzell": 2.6545278098561447,
  "Elchstra\u00dfe 10, 36041 Fulda--->Edelzeller Str. 13A, 36093 K\u00fcnzell": 4.368097692479259,
  "Heinrich-von-Bibra-Platz 1a, 36037 Fulda--->Edelzeller Str. 13A, 36093 K\u00fcnzell": 2.8634758632280115,
  "Sturmiusstra\u00dfe 9, 36037 Fulda--->Edelzeller Str. 13A, 36093 K\u00fcnzell": 2.7742375981907967,
  "Im Wolfsgarten 7, 36100 Petersberg--->Edelzeller Str. 13A, 36093 K\u00fcnzell": 3.0652712927880925,
  "Lichtweg 3, 36039 Fulda--->Edelzeller Str. 13A, 36093 K\u00fcnzell": 3.1984355578580668,
  "Emil-Nolde-Allee 24, 36041 Fulda--->Ringstra\u00dfe 24, 36093 K\u00fcnzell": 3.4346270437506314,
  "Sturmiusstra\u00dfe 9, 36037 Fulda--->Ringstra\u00dfe 24, 36093 K\u00fcnzell": 3.0917825574991227,
  "Otto-Lilienthal-Stra\u00dfe 27, 36041 Fulda--->Ringstra\u00dfe 24, 36093 K\u00fcnzell": 3.094406675653629,
  "Elchstra\u00dfe 10, 36041 Fulda--->Ringstra\u00dfe 24, 36093 K\u00fcnzell": 4.702148807436232,
  "Eduard-Stieler-Ring 2, 36100 Petersberg--->Ringstra\u00dfe 24, 36093 K\u00fcnzell": 2.9240162327186154,
  "Am Neuen Garten 13, 36100 Petersberg--->Ringstra\u00dfe 24, 36093 K\u00fcnzell": 3.1624658023786196,
  "Im Wolfsgarten 7, 36100 Petersberg--->Ringstra\u00dfe 24, 36093 K\u00fcnzell": 3.2891913234070387,
  "Wiesenm\u00fchlenstra\u00dfe 10, 36037 Fulda--->Ringstra\u00dfe 24, 36093 K\u00fcnzell": 3.227663147332884,
  "Fulda ZOB--->Ringstra\u00dfe 24, 36093 K\u00fcnzell": 2.969039835088791,
  "Lichtweg 3, 36039 Fulda--->Ringstra\u00dfe 24, 36093 K\u00fcnzell": 3.527802323374549,
  "Maglianastra\u00dfe 17, 36037 Fulda--->Ringstra\u00dfe 24, 36093 K\u00fcnzell": 3.3448902406329584,
  "Heinrich-von-Bibra-Platz 1a, 36037 Fulda--->Ringstra\u00dfe 24, 36093 K\u00fcnzell": 3.18542256183179,
  "Am Bildstock 14, 36100 Petersberg--->Ringstra\u00dfe 24, 36093 K\u00fcnzell": 2.9662938133247976,
  "Bernhardstra\u00dfe 10, 36043 Fulda--->Ringstra\u00dfe 24, 36093 K\u00fcnzell": 1.765168535531236,
  "Nikolausstra\u00dfe 18, 36037 Fulda--->Ringstra\u00dfe 24, 36093 K\u00fcnzell": 2.9102339372636714,
  "Emil-Nolde-Allee 24, 36041 Fulda--->Frankfurt am Main": 51.86383545523263,
  "Sturmiusstra\u00dfe 9, 36037 Fulda--->Frankfurt am Main": 53.82617640561608,
  "Otto-Lilienthal-Stra\u00dfe 27, 36041 Fulda--->Frankfurt am Main": 52.06865248725415,
  "Elchstra\u00dfe 10, 36041 Fulda--->Frankfurt am Main": 51.504982218672865,
  "Eduard-Stieler-Ring 2, 36100 Petersberg--->Frankfurt am Main": 55.147855188067815,
  "Am Neuen Garten 13, 36100 Petersberg--->Frankfurt am Main": 55.264511952341685,