{
  "Emil-Nolde-Allee 24, 36041 Fulda": [
    50.53836615,
    9.645133684037395
  ],
  "Iltisweg 51, 36041 Fulda": [
    50.5506356,
    9.6301694
  ],
  "Sturmiusstra\u00dfe 9, 36037 Fulda": [
    50.55462515,
    9.681661202174503
  ],
  "Bernhardstra\u00dfe 10, 36043 Fulda": [
    50.5312123,
    9.6830393
  ],
  "Am Bildstock 14, 36100 Petersberg": [
    50.5572535,
    9.703294
  ],
  "Fulda ZOB": [
    50.5534595,
    9.684228300195036
  ],
  "Maglianastra\u00dfe 17, 36037 Fulda": [
    50.553560649999994,
    9.668220700000003
  ],
  "Im Wolfsgarten 7, 36100 Petersberg": [
    50.5624471,
    9.712722636753814
  ],
  "Wiesenm\u00fchlenstra\u00dfe 10, 36037 Fulda": [
    50.5526664,
    9.6708009
  ],
  "Nikolausstra\u00dfe 18, 36037 Fulda": [
    50.55271065,
    9.684864521367974
  ],
  "Lichtweg 3, 36039 Fulda": [
    50.55759985,
    9.670030805629139
  ],
  "Otto-Lilienthal-Stra\u00dfe 27, 36041 Fulda": [
    50.536714700000005,
    9.652519550000001
  ],
  "Am Neuen Garten 13, 36100 Petersberg": [
    50.560615,
    9.714745278675494
  ],
  "Eduard-Stieler-Ring 2, 36100 Petersberg": [
    50.55716015,
    9.71518175
  ],
  "Elchstra\u00dfe 10, 36041 Fulda": [
    50.549970900000005,
    9.622393606999035
  ],
  "Heinrich-von-Bibra-Platz 1a, 36037 Fulda": [
    50.5550773,
    9.6784918
  ],
  "Leipziger Str. 123, 36037 Fulda": [
    50.5652503,
    9.6850996
  ],
  "Steinbockstra\u00dfe 13A, 36041 Fulda": [
    50.5500929,
    9.620314172997931
  ],
  "Anton-Schmitt-Stra\u00dfe 27, 36039 Fulda": [
    50.5727432,
    9.6567699
  ],
  "Edelzeller Str. 13A, 36093 K\u00fcnzell": [
    50.51819845,
    9.708103403800179
  ],
  "Ringstra\u00dfe 24, 36093 K\u00fcnzell": [
    50.5148662,
    9.713816654126218
  ],
  "Frankfurt am Main": [
    50.1106444,
    8.6820917
  ]
}